,Hugo_Symbol,Chromosomal Position
0,BRAF,140453136
1,BRAF,140477846
2,PCMTD1,52733143
3,CDC27,45214726
4,CDC27,45214603
5,CDC27,45234287
6,CDC27,45219311
7,CDC27,45214631
8,CDC27,45247398
9,CDC27,45214559
10,CDC27,45247367
11,COL27A1,116930153
12,COL27A1,116931244
13,COL27A1,117071596
14,COL27A1,116931445
15,COL27A1,116968039
16,COL27A1,116930100
17,COL27A1,116931093
18,COL27A1,116973273
19,COL27A1,117052336
20,SUN1,892493
21,ERAP2,96231000
22,PSG4,43709647
23,TYRO3,41865505
24,HRNR,152193291
25,HRNR,152193121
26,HRNR,152192631
27,HRNR,152188176
28,HRNR,152190835
29,HRNR,152189016
30,HRNR,152191709
31,HRNR,152193154
32,HRNR,152190916
33,GPR50,150349871
34,OTUD4,146059006
35,EPPK1,144945191
36,EPPK1,144940615
37,EPPK1,144940551
38,AHNAK2,105410827
39,AHNAK2,105408333
40,AHNAK2,105415748
41,AHNAK2,105416113
42,AHNAK2,105418241
43,AHNAK2,105416685
44,AHNAK2,105406235
45,MUC17,100680100
46,MUC17,100681033
47,MUC17,100681266
48,GRIN2B,13906514
49,GRIN2B,14018761
50,OR10C1,29407970
51,RP1L1,10465097
52,MAP2K3,21203907
53,AKT1,105246445
54,AKT1,105242025
55,PRUNE2,79325961
56,PRUNE2,79322343
57,PRUNE2,79324408
58,FOXK1,4780514
59,EP400,132547096
60,H6PD,9324670
61,GBP7,89637578
62,KCNN3,154842238
63,KCNN3,154744537
64,CHST5,75563706
65,CHST5,75563330
66,CHST5,75563592
67,IL4R,27372136
68,IL4R,27374180
69,IL4R,27373980
70,IL4R,27374927
71,SCUBE1,43619200
72,PLCG2,81888152
73,PLCG2,81929488
74,SF3B3,70599364
75,SF3B3,70569224
76,TENM2,167182184
77,ODZ2,167182184
78,ADAMTSL5,1510661
79,NCOR2,124887093
80,DENND6B,50752658
81,FAM116B,50752658
82,MYOM3,24394811
83,MYOM3,24409191
84,HLA-DQA1,32609105
85,HLA-DQA1,32610535
86,TBP,170871043
87,TBP,170871070
88,THAP11,67876829
89,LRRC55,56954846
90,LRRC55,56950058
91,LAMB1,107594163
92,LAMB1,107626770
93,GDF15,18497141
94,DNAH17,76455218
95,DNAH17,76445548
96,DNAH17,76565292
97,DNAH17,76490750
98,PKD1,2140321
99,PKD1,2158596
100,PKD1,2160529
101,PKD1,2142083
102,PKD1,2153765
103,PKD1,2169186
104,HK3,176314639
105,HK3,176316559
106,IL7R,35874644
107,IL7R,35876286
108,GLRA3,175565168
109,MLIP,53989504
110,DNAH7,196892695
111,DNAH7,196913064
112,DNAH7,196866433
113,PPIC,122359640
114,SEC14L2,30812008
115,ALOX12,6904934
116,ALOX12,6902319
117,HGFAC,3449314
118,C6orf89,36882353
119,KRT8P10,183936676
120,KRT8P10,183936657
121,DNAH2,7736242
122,DNAH2,7736520
123,DNAH2,7722542
124,GOLGB1,121412892
125,CYB5R2,7687683
126,CYB5R2,7690411
127,SIKE1,115323170
128,SIKE1,115321810
129,ABCA12,215819926
130,ABCA12,215865575
131,ABCA12,215854156
132,ENGASE,77075671
133,GPR35,241570249
134,GPR35,241569925
135,KCNU1,36767024
136,OR2A13P,143839950
137,SIX5,46270388
138,ITGA8,15646258
139,ITGA8,15688984
140,ITGA8,15655757
141,CACNA1B,140772670
142,CACNA1B,141015276
143,TG,133909927
144,TG,133975283
145,SEMA5A,9154610
146,SEMA5A,9122890
147,GABRA6,161128522
148,GABRA6,161113004
149,GABRA6,161119125
150,RFX5,151316350
151,RFX5,151315287
152,ABCA2,139912274
153,TRIML1,189061106
154,PTPRN2,157414064
155,PTPRN2,157985149
156,CD38,15839763
157,NSD1,176673763
158,NSD1,176721272
159,NSD1,176721551
160,ZFHX3,72829670
161,BACH2,90661138
162,BACH2,90660581
163,BACH2,90647916
164,PALMD,100154340
165,PALMD,100152261
166,AKAP9,91715662
167,AKAP9,91711855
168,USP45,99885245
169,FAM13A,89670155
170,RPL12,130213590
171,KCNV2,2718675
172,OCLN,70378643
173,BRD8,137500665
174,BRD8,137503737
175,PLA2G5,20412681
176,SLC28A1,85476441
177,SLC28A1,85488006
178,SAMD15,77844662
179,SAMD15,77844532
180,TMEM38A,16799102
181,RAB3GAP1,135888244
182,ZNF785,30594124
183,SLC15A1,99376181
184,TRIM4,99489868
185,COL6A2,47552224
186,SMCHD1,2697862
187,XPR1,180849246
188,TEK,27192585
189,TEK,27202870
190,ASH1L,155307970
191,CREB3L3,4171092
192,CCDC88C,91770293
193,KRR1,75902108
194,MYO1C,1383893
195,C1orf173,75038228
196,SDK2,71375612
197,SDK2,71334983
198,SDK2,71394485
199,CAND1,67699720
200,PDZRN4,41966431
201,PDZRN4,41900422
202,MYH2,10442866
203,CSF3R,36937065
204,NLRC3,3614041
205,CDCP1,45127515
206,MUC5AC,1212855
207,MUC5AC,1212840
208,DYNC1H1,102466737
209,DNMBP,101639877
210,DNMBP,101716934
211,NUBP1,10851764
212,NUBP1,10841095
213,ERBB3,56490857
214,MYT1L,1805489
215,FAM208B,5781833
216,OR2H2,29556434
217,OR2H2,29555809
218,UHRF1BP1,34803947
219,IFI16,158990261
220,TDRD5,179609053
221,BRCC3,154305462
222,FHOD3,34261476
223,CTAGE5,39748717
224,CTAGE5,39790149
225,AP3B1,77409636
226,DYM,46956701
227,FRMD4A,13708199
228,CCDC19,159856448
229,MGMT,131506231
230,P4HB,79804400
231,FCGBP,40366101
232,ZCCHC16,111698774
233,DNAJA2,47005399
234,KRTAP10-7,46021268
235,ZMIZ2,44797683
236,ZMIZ2,44805072
237,FOXR2,55650232
238,FOXR2,55650393
239,FOXR2,55650462
240,SIDT1,113300224
241,UBQLN2,56591231
242,COL12A1,75864255
243,PGK2,49754598
244,PRDM16,3102815
245,PRDM16,3328470
246,TSHZ2,51870336
247,MAU2,19431844
248,DDX39A,14523412
249,SLA,134062170
250,DNHD1,6590054
251,USH2A,215901492
252,NOP16,175812277
253,NOP16,175815324
254,AKAP10,19835124
255,NHSL2,71360504
256,SDC3,31351513
257,SDC3,31349853
258,FAM120C,54209023
259,RIMS2,105261014
260,POLR3D,22107993
261,ZFYVE28,2306946
262,PIK3CG,106513011
263,DCAF11,24587639
264,BATF,76012817
265,SEC31B,102269109
266,SEC31B,102257443
267,ZC3H13,46619560
268,ZC3H13,46559772
269,ZC3H13,46541673
270,UGT2B28,70152481
271,PLEKHG1,151153024
272,AP5Z1,4821255
273,CNTLN,17236415
274,CPOX,98307630
275,SLITRK1,84454817
276,SLITRK1,84455509
277,SLITRK1,84453858
278,TNR,175332868
279,TNR,175355240
280,VPS13B,100847855
281,PAPPA2,176708869
282,HLA-DMB,32906598
283,GSG2,3627840
284,GSG2,3628362
285,GPR125,22517165
286,KCNIP2,103599520
287,TTF1,135275452
288,SALL3,76754115
289,PKHD1L1,110455184
290,NPAP1,24922544
291,C15orf2,24922544
292,NPAP1,24922230
293,C15orf2,24922230
294,ARSF,3030306
295,TRIM24,138258373
296,TRIM24,138265310
297,MAPKAPK2,206903432
298,ZFP36,39898883
299,FAT1,187629538
300,SMARCA1,128657222
301,CHST10,101010082
302,SHPK,3526637
303,CASC3,38318284
304,CASC3,38319961
305,LYPLAL1,219384958
306,OR4D5,123810393
307,FBN3,8146248
308,SCN2A,166172263
309,SCN2A,166231282
310,TBC1D8B,106108793
311,BCL11A,60688600
312,BCL11A,60687752
313,PCDHGA3,140725828
314,JMJD1C,64967938
315,PDE12,57543396
316,PDE12,57543196
317,PRB2,11546180
318,PRB2,11546273
319,TLR4,120475419
320,TLR4,120475302
321,BPIFB6,31622089
322,CTBP2,126678116
323,ULBP1,150290338
324,SPAG17,118565931
325,SPAG17,118727733
326,SPAG17,118644485
327,OR5AR1,56431834
328,ABTB2,34184192
329,OR8U1,56143592
330,OR8U1,56143966
331,USP2,119243580
332,USP2,119229503
333,NIPAL3,24785395
334,OR4N2,20296010
335,OR4N2,20295834
336,PRSS57,687034
337,PRSS57,686939
338,UBE2O,74392381
339,UBE2O,74394934
340,UBXN2B,59352245
341,UBXN2B,59347057
342,DST,56397207
343,HSP90AA1,102549628
344,GEMIN5,154280951
345,GEMIN5,154315560
346,OR52B6,5602615
347,PIK3CB,138374244
348,PROSER1,39588261
349,MCM2,127339925
350,NLRP5,56572875
351,OR13H1,130678844
352,ARHGAP4,153186831
353,ARHGAP4,153186199
354,RNF213,78343413
355,RNF213,78354661
356,ADH1B,100232046
357,ADH1B,100239268
358,ATP1A1,116929945
359,ATP1A1,116932301
360,SLC12A5,44671880
361,LYN,56866442
362,LYN,56864557
363,ZNF211,58152577
364,FAM135B,139164287
365,FRRS1,100194174
366,FRRS1,100203648
367,PEX5,7343014
368,CYP19A1,51520089
369,TTC37,94861118
370,VWA3B,98853095
371,KRTAP13-4,31802980
372,DCUN1D4,52777312
373,MOV10L1,50582626
374,MOV10L1,50584201
375,BSN,49691425
376,TP53INP1,95952260
377,HEY2,126080522
378,C4orf17,100443784
379,C4orf17,100443782
380,MST1P2,16976147
381,MST1P2,16975289
382,ABCB7,74293735
383,ABCB7,74296488
384,ANKS1A,34985340
385,ANKS1A,35051202
386,CDYL2,80638351
387,PABPC3,25671122
388,GLYATL2,58604779
389,BAZ2B,160289578
390,BAZ2B,160239112
391,ABLIM3,148624541
392,SDC4,43959044
393,PLXNB1,48453906
394,KRTAP5-7,71238742
395,KRTAP5-7,71238542
396,HOXC11,54369081
397,SLC16A13,6942108
398,ZNF493,21607526
399,CDKN1A,36651904
400,PDLIM7,176916556
401,DOCK6,11327626
402,DOCK6,11352854
403,DOCK6,11319375
404,C11orf87,109294460
405,C11orf87,109294541
406,ASTN1,176852036
407,ASTN1,176863842
408,ASTN1,176833480
409,MAPK10,87028402
410,MAGEC1,140994614
411,FAM153B,175530270
412,ATP9B,76936903
413,ZNF8,58806248
414,CNTF,58390308
415,RAB11FIP1,37720621
416,RAB11FIP1,37732715
417,OC90,133047071
418,MYO10,16769308
419,IFNAR2,34614255
420,IFNAR2,34635187
421,IFNAR2,34614250
422,POU2F2,42603703
423,PCDHB5,140516258
424,PCDHB5,140516096
425,GRIN2D,48946470
426,GRIN2D,48908153
427,SLC12A7,1065399
428,SLC12A7,1081767
429,SLC12A7,1081702
430,DHX36,154001060
431,VWA7,31741165
432,HNF4A,43043255
433,MED15,20920816
434,C15orf37,80215300
435,LPHN1,14266312
436,CARD6,40854298
437,CARD6,40854171
438,CARD6,40852335
439,ZNF521,22805082
440,CCDC80,112357200
441,CCDC80,112356904
442,OR5J2,55944860
443,COL15A1,101749591
444,ANKRD35,145562087
445,FASN,80043235
446,SRSF5,70237718
447,KIAA0754,39877399
448,TRAV8-4,22363084
449,SLC40A1,190439928
450,KCNMA1,79011015
451,AMPD3,10518462
452,ZNF786,148767890
453,EIF3A,120829168
454,PLAC8L1,145477855
455,MS4A6E,60102507
456,USP10,84808824
457,CLEC16A,11217709
458,C2orf42,70408980
459,ANLN,36446121
460,ANLN,36492118
461,DIAPH1,140896554
462,SLIT2,20259495
463,SLIT2,20493384
464,TAS1R1,6635194
465,SP2,45994094
466,SP2,45994044
467,RHOQ,46803742
468,RHOQ,46803383
469,CDHR1,85972907
470,CMYA5,79024914
471,CAPRIN1,34093489
472,CAPRIN1,34098006
473,CYP2A13,41599590
474,WIPF1,175437077
475,WIPF1,175436655
476,WIPF1,175446092
477,SENP2,185337150
478,HSPA4,132409730
479,ANXA2R,43039793
480,TTLL3,9871030
481,EVA1C,33887131
482,SEPT12,4837545
483,STON2,81744032
484,STON2,81745005
485,POLB,42196191
486,DCAF6,168014204
487,SORCS3,106974207
488,SORCS3,106976772
489,WDR90,709001
490,WDR90,701656
491,MANBA,103557044
492,CHRNA9,40351126
493,CHRNA9,40356031
494,XRCC5,216990723
495,SIK1,44836663
496,KIAA1549,138579148
497,SLC16A6,66267650
498,FAM101B,293075
499,FAM101B,293138
500,THOC2,122830671
501,DYX1C1,55727220
502,HAP1,39890715
503,HAP1,39881299
504,DPH1,1943643
505,SREBF1,17721595
506,SREBF1,17720740
507,LATS1,150023002
508,OR13C8,107331756
509,BTK,100630267
510,SDHA,228322
511,SDHA,256514
512,COL3A1,189871146
513,ADAM11,42852604
514,ADAM11,42852801
515,ADAM11,42837095
516,CTPS2,16720909
517,CTPS2,16720901
518,ATG14,55848817
519,RASGRF2,80508237
520,TUBA8,18604302
521,PTCH1,98239123
522,MAPKBP1,42104243
523,CAPS,5915243
524,RPL9,39460022
525,RPL9,39460023
526,ZBTB7C,45566276
527,TC2N,92251587
528,ASPHD2,26829914
529,NKD1,50666208
530,MAGI1,65365210
531,THSD1,52971918
532,R3HCC1L,99969475
533,C10orf28,99969475
534,CNOT7,17092255
535,MOB3B,27359236
536,PPP6C,127915858
537,FLT3LG,49979779
538,MAN1A1,119569448
539,SLCO4C1,101599455
540,SLCO4C1,101627305
541,HAS1,52219536
542,DOCK5,25181418
543,LIG4,108861705
544,PRSS27,2764076
545,KRTAP6-2,31971024
546,WDR88,33666304
547,RNF10,121001322
548,RGPD4,108477236
549,PRRC2B,134360446
550,CD302,160637475
551,CPA2,129906739
552,BAI3,69758224
553,BAI3,70034893
554,BAI3,69666603
555,BAI3,70071173
556,PRB1,11506211
557,PRB1,11506893
558,IDO1,39775722
559,SLC14A2,43217005
560,SLC14A2,43246151
561,SLC14A2,43252870
562,OR10J6P,159568755
563,GAS6,114530114
564,USH1C,17542439
565,FAM47C,37028629
566,ADCY3,25050977
567,OR10A2,6891758
568,UXT,47518370
569,ANKRD33,52282060
570,GPKOW,48978838
571,GPKOW,48974115
572,MARCO,119750045
573,FAUP1,72057289
574,DIDO1,61512289
575,PDCD11,105187128
576,PDCD11,105165806
577,PDCD11,105203785
578,DDX53,23019346
579,PRRC1,126887496
580,DOT1L,2216354
581,MUC2,1097227
582,MUC2,1093582
583,SLC6A1,11058872
584,FUNDC1,44402059
585,KIF16B,16493533
586,IGHV3OR15-7,20193342
587,UTP14A,129040214
588,CTNNA2,80620373
589,CTNNA2,80801346
590,CTNNA2,80874935
591,HS6ST1,129026249
592,SPEN,16199481
593,SPEN,16257886
594,AIG1,143382152
595,PRKCQ,6553071
