,SNP,counts,Perc_Bi_Allelic,Density
362,2312_152283862,1.0,1.0,135.1
428,285464_1388508,1.0,1.0,97.7
439,285464_1388757,1.0,1.0,97.7
531,996_45219311,1.0,1.0,1030.3
539,85301_116931099,6.0,1.0,
685,4261_11000848,5.0,1.0,707.9
720,113146_105411781,4.0,1.0,
725,113146_105406238,3.0,1.0,
728,113146_105411700,3.0,1.0,
729,113146_105418344,3.0,1.0,
734,113146_105418391,2.0,1.0,
1073,143_25021323,3.0,1.0,212.7
1169,388646_89599084,1.0,1.0,1.5
1171,5545_11461549,3.0,1.0,58.7
1201,58508_151970877,3.0,1.0,105.7
1223,128372_158735740,3.0,1.0,5.3
1272,1114_5903067,1.0,1.0,101.4
1358,3566_27374180,2.0,1.0,893.8
1554,10395_12957475,2.0,1.0,175.1
1741,84951_38645125,3.0,1.0,179.0
1785,393046_143748257,2.0,1.0,
1817,100132386_39261693,3.0,1.0,
2085,2074_50667105,1.0,1.0,755.9
2143,284348_44302624,3.0,1.0,
2408,23177_65296798,1.0,1.0,11.3
2499,4666_57111948,1.0,1.0,1296.6
2575,119180_30918549,1.0,1.0,34.7
2953,3683_30518041,2.0,1.0,721.7
3397,135114_126278230,2.0,0.0,
3440,3911_60899206,2.0,1.0,1093.8
4281,9611_16068463,1.0,1.0,659.6
4620,176_89415247,1.0,1.0,196.4
5016,114770_15587185,1.0,1.0,
5082,84432_110998854,2.0,1.0,
5289,1816_9784542,1.0,1.0,56.9
5646,93035_110455184,1.0,1.0,291.8
5745,343169_247875415,2.0,1.0,42.5
6092,9790_43318589,1.0,1.0,993.5
6343,653247_11546314,2.0,1.0,
6642,219417_56143125,2.0,1.0,
6647,219417_56143592,1.0,1.0,
6703,675_32906729,1.0,1.0,582.8
6836,284018_65988049,2.0,1.0,
6851,4588_1027811,1.0,1.0,
7320,4125_12772090,2.0,1.0,197.0
7671,345193_110790911,2.0,1.0,
7785,284443_21607526,2.0,0.5,559.0
7903,3105_29911296,2.0,1.0,770.4
7906,3105_29911306,1.0,1.0,770.4
8594,4135_75378674,2.0,0.0,
8676,2327_171168584,2.0,1.0,391.2
8712,65268_96021312,1.0,1.0,469.5
9072,7455_100350474,1.0,1.0,179.5
9289,161176_95906321,1.0,1.0,178.6
9366,26140_9871030,2.0,1.0,2.1
10615,1118_203186947,2.0,1.0,
10665,5190_42932200,2.0,1.0,
10960,10948_37814080,1.0,1.0,
11153,3123_32557449,2.0,1.0,669.4
11383,3802_55281315,1.0,1.0,32.9
11826,79698_40438757,1.0,1.0,
11850,339184_20768763,1.0,1.0,
11914,4585_195513173,1.0,1.0,234.3
11924,85481_87076520,1.0,1.0,
11954,3115_33048599,1.0,1.0,
12005,5542_11506211,1.0,1.0,
12172,58189_84351893,1.0,1.0,
12276,55876_38062217,1.0,1.0,
12457,7177_1291160,1.0,1.0,
12714,6289_18267478,1.0,1.0,
12773,23572_186276229,1.0,1.0,
12774,23572_186276661,1.0,1.0,
12942,56140_140222641,1.0,1.0,
13118,643905_240982173,1.0,1.0,
13121,643905_240982131,1.0,1.0,
13122,643905_240982129,1.0,1.0,
13136,3064_3234980,1.0,1.0,886.6
13178,57707_84522897,1.0,1.0,101.9
13222,26047_147183121,1.0,1.0,
13228,364_33385690,1.0,1.0,311.1
13232,364_33386510,1.0,1.0,311.1
13233,364_33385852,1.0,1.0,311.1
13392,89858_52004743,1.0,1.0,271.3
13523,341567_48723324,1.0,1.0,
13755,9058_26824156,1.0,1.0,
14213,23430_1306973,1.0,1.0,
14625,145748_100269749,1.0,1.0,
15494,23325_105521009,1.0,1.0,
15685,23386_44444122,1.0,1.0,
15722,6699_153004853,1.0,1.0,
15730,340745_85981801,1.0,1.0,
15762,400713_52888049,1.0,1.0,
15944,9394_129025860,1.0,1.0,
16404,79573_231114465,1.0,0.0,
17372,56673_8942942,1.0,1.0,
17403,57693_9267319,1.0,1.0,
17418,23630_108868163,1.0,1.0,
17632,3889_52710721,1.0,1.0,
17634,6570_20036827,1.0,1.0,
17668,728224_39254054,1.0,1.0,
17712,55118_99625319,1.0,1.0,
18180,115265_101108877,1.0,1.0,
18428,10241_46926615,1.0,1.0,
18477,83858_1431165,1.0,1.0,
18570,653240_39274364,1.0,1.0,
18694,8174_501738,1.0,1.0,
19029,765_9009444,1.0,1.0,
19226,2569_89926962,1.0,1.0,
19469,84272_32515694,1.0,1.0,
19501,348303_40009396,1.0,1.0,
19578,66000_133098806,1.0,1.0,
20305,374454_53091566,1.0,1.0,
20470,27242_47200703,1.0,1.0,
