,SNP,counts,Perc_Bi_Allelic,Density,output,Entrez_Gene_Id,Hugo_Symbol
0,673_140453136,480.0,0.508333333333,1298.9,1.0,673,BRAF
90,115294_52733143,8.0,1.0,201.6,1.0,115294,PCMTD1
226,996_45214726,1.0,1.0,1030.3,1.0,996,CDC27
228,996_45214603,1.0,1.0,1030.3,1.0,996,CDC27
229,996_45234287,1.0,0.0,1030.3,1.0,996,CDC27
230,996_45219311,1.0,1.0,1030.3,1.0,996,CDC27
233,996_45214631,1.0,1.0,1030.3,1.0,996,CDC27
234,996_45247398,1.0,1.0,1030.3,1.0,996,CDC27
236,996_45214559,1.0,1.0,1030.3,1.0,996,CDC27
237,996_45247367,1.0,1.0,1030.3,1.0,996,CDC27
239,85301_116930153,2.0,0.5,0.0,1.0,85301,COL27A1
240,85301_116931244,2.0,0.5,0.0,1.0,85301,COL27A1
241,85301_117071596,2.0,0.5,0.0,1.0,85301,COL27A1
242,85301_116931445,2.0,1.0,0.0,1.0,85301,COL27A1
243,85301_116968039,1.0,1.0,0.0,1.0,85301,COL27A1
244,85301_116930100,1.0,1.0,0.0,1.0,85301,COL27A1
245,85301_116931093,1.0,1.0,0.0,1.0,85301,COL27A1
246,85301_116973273,1.0,1.0,0.0,1.0,85301,COL27A1
247,85301_117052336,1.0,0.0,0.0,1.0,85301,COL27A1
254,23353_892493,1.0,1.0,518.9,1.0,23353,SUN1
257,64167_96231000,1.0,1.0,163.7,1.0,64167,ERAP2
261,5672_43709647,1.0,1.0,0.0,1.0,5672,PSG4
277,7301_41865505,3.0,1.0,736.4,1.0,7301,TYRO3
301,388697_152193291,1.0,1.0,251.3,1.0,388697,HRNR
302,388697_152193121,1.0,1.0,251.3,1.0,388697,HRNR
303,388697_152192631,1.0,1.0,251.3,1.0,388697,HRNR
304,388697_152188176,1.0,1.0,251.3,1.0,388697,HRNR
305,388697_152190835,1.0,1.0,251.3,1.0,388697,HRNR
306,388697_152189016,1.0,1.0,251.3,1.0,388697,HRNR
307,388697_152191709,1.0,1.0,251.3,1.0,388697,HRNR
308,388697_152193154,1.0,0.0,251.3,1.0,388697,HRNR
309,388697_152190916,1.0,0.0,251.3,1.0,388697,HRNR
310,9248_150349871,5.0,1.0,4.0,1.0,9248,GPR50
327,5670_43576025,2.0,0.5,42.7,1.0,5670,PSG2
330,54726_146059006,5.0,0.0,378.9,1.0,54726,OTUD4
387,11025_54723043,1.0,1.0,1017.2,1.0,11025,LILRB3
388,11025_54721203,1.0,1.0,1017.2,1.0,11025,LILRB3
391,83481_144945191,3.0,1.0,309.2,1.0,83481,EPPK1
392,83481_144940615,2.0,0.0,309.2,1.0,83481,EPPK1
393,83481_144940551,2.0,0.5,309.2,1.0,83481,EPPK1
395,83481_144941419,1.0,1.0,309.2,1.0,83481,EPPK1
399,83481_144940596,1.0,0.0,309.2,1.0,83481,EPPK1
408,113146_105410827,4.0,1.0,0.0,1.0,113146,AHNAK2
431,113146_105421050,1.0,1.0,0.0,1.0,113146,AHNAK2
438,113146_105408333,1.0,1.0,0.0,1.0,113146,AHNAK2
448,113146_105415748,1.0,1.0,0.0,1.0,113146,AHNAK2
449,113146_105416113,1.0,1.0,0.0,1.0,113146,AHNAK2
450,113146_105418241,1.0,1.0,0.0,1.0,113146,AHNAK2
451,113146_105416685,1.0,1.0,0.0,1.0,113146,AHNAK2
452,113146_105406235,1.0,1.0,0.0,1.0,113146,AHNAK2
505,140453_100680100,1.0,1.0,100.3,1.0,140453,MUC17
506,140453_100681033,1.0,0.0,100.3,1.0,140453,MUC17
507,140453_100681266,1.0,1.0,100.3,1.0,140453,MUC17
654,2904_13906514,2.0,0.5,604.5,1.0,2904,GRIN2B
655,2904_14018761,1.0,1.0,604.5,1.0,2904,GRIN2B
662,442194_29407970,2.0,1.0,0.0,1.0,442194,OR10C1
664,94137_10465097,4.0,1.0,2.8,1.0,94137,RP1L1
697,5606_21203907,4.0,1.0,764.0,1.0,5606,MAP2K3
704,207_105246445,1.0,1.0,1572.9,1.0,207,AKT1
705,207_105242025,1.0,0.0,1572.9,1.0,207,AKT1
715,2483_190878626,3.0,1.0,112.7,1.0,2483,FRG1
736,7011_20859812,2.0,0.5,242.2,1.0,7011,TEP1
751,5601_179676023,4.0,0.75,1340.5,1.0,5601,MAPK9
752,5601_179707584,1.0,1.0,1340.5,1.0,5601,MAPK9
781,158471_79325961,1.0,1.0,1.3,1.0,158471,PRUNE2
782,158471_79322343,1.0,0.0,1.3,1.0,158471,PRUNE2
783,158471_79324408,1.0,1.0,1.3,1.0,158471,PRUNE2
784,221937_4780514,4.0,1.0,445.4,1.0,221937,FOXK1
785,57634_132547096,4.0,1.0,396.3,1.0,57634,EP400
817,9563_9324670,1.0,1.0,492.3,1.0,9563,H6PD
850,388646_89637578,1.0,1.0,1.5,1.0,388646,GBP7
873,3782_154842238,1.0,0.0,326.7,1.0,3782,KCNN3
874,3782_154744537,1.0,1.0,326.7,1.0,3782,KCNN3
988,5319_120763699,3.0,0.0,164.7,1.0,5319,PLA2G1B
992,84277_73097654,3.0,1.0,0.0,1.0,84277,DNAJC30
1051,55781_96503564,2.0,0.5,1065.4,1.0,55781,RIOK2
1052,55781_96513471,1.0,1.0,1065.4,1.0,55781,RIOK2
1057,23563_75563746,3.0,1.0,68.4,1.0,23563,CHST5
1097,80274_43619200,3.0,1.0,90.9,1.0,80274,SCUBE1
1224,5336_81888152,3.0,1.0,1055.8,1.0,5336,PLCG2
1225,5336_81929488,1.0,1.0,1055.8,1.0,5336,PLCG2
1236,23450_70599364,2.0,0.5,1175.2,1.0,23450,SF3B3
1237,23450_70569224,2.0,0.5,1175.2,1.0,23450,SF3B3
1243,448831_190947544,3.0,1.0,0.0,1.0,448831,FRG2
1260,10347_1041843,1.0,1.0,23.3,1.0,10347,ABCA7
1293,57451_167182184,1.0,0.0,21.0,1.0,57451,TENM2
1294,57451_167182184,1.0,0.0,21.0,1.0,57451,ODZ2
1304,339366_1510661,3.0,0.0,186.7,1.0,339366,ADAMTSL5
1349,9612_124887093,2.0,0.5,737.5,1.0,9612,NCOR2
1380,414918_50752658,2.0,0.5,32.7,1.0,414918,DENND6B
1381,414918_50752658,2.0,0.5,32.7,1.0,414918,FAM116B
1384,127294_24394811,3.0,1.0,0.0,1.0,127294,MYOM3
1387,127294_24409191,1.0,1.0,0.0,1.0,127294,MYOM3
1410,3117_32609105,1.0,1.0,400.6,1.0,3117,HLA-DQA1
1411,3117_32610535,1.0,1.0,400.6,1.0,3117,HLA-DQA1
1417,6908_170871043,1.0,1.0,1513.1,1.0,6908,TBP
1418,6908_170871070,1.0,1.0,1513.1,1.0,6908,TBP
1420,51379_29113016,3.0,1.0,89.4,1.0,51379,CRLF3
1422,140678_29637965,1.0,1.0,0.0,1.0,140678,MLLT10P1
1423,137964_41470441,3.0,0.333333333333,130.6,1.0,137964,AGPAT6
1424,137964_41470442,2.0,0.5,130.6,1.0,137964,AGPAT6
1425,8078_6964920,3.0,0.333333333333,576.3,1.0,8078,USP5
1426,8078_6965194,2.0,1.0,576.3,1.0,8078,USP5
1428,8078_6970156,1.0,1.0,576.3,1.0,8078,USP5
1450,57215_67876829,3.0,1.0,126.1,1.0,57215,THAP11
1470,54102_36080290,1.0,1.0,68.5,1.0,54102,CLIC6
1471,54102_36081743,1.0,1.0,68.5,1.0,54102,CLIC6
1486,219527_56954846,3.0,1.0,28.6,1.0,219527,LRRC55
1487,219527_56950058,2.0,0.5,28.6,1.0,219527,LRRC55
1497,3912_107594163,2.0,0.5,421.2,1.0,3912,LAMB1
1498,3912_107626770,1.0,1.0,421.2,1.0,3912,LAMB1
1499,9518_18497141,3.0,1.0,0.0,1.0,9518,GDF15
1500,8632_76455218,3.0,1.0,39.4,1.0,8632,DNAH17
1507,8632_76445548,1.0,0.0,39.4,1.0,8632,DNAH17
1508,8632_76565292,1.0,0.0,39.4,1.0,8632,DNAH17
1509,8632_76490750,1.0,1.0,39.4,1.0,8632,DNAH17
1524,410_51064039,3.0,1.0,267.8,1.0,410,ARSA
1525,410_51065361,1.0,1.0,267.8,1.0,410,ARSA
1546,64411_141039378,2.0,0.5,42.9,1.0,64411,ARAP3
1547,5310_2160494,3.0,1.0,652.0,1.0,5310,PKD1
1548,5310_2140321,1.0,1.0,652.0,1.0,5310,PKD1
1549,5310_2158596,1.0,0.0,652.0,1.0,5310,PKD1
1550,5310_2160529,1.0,0.0,652.0,1.0,5310,PKD1
1551,5310_2142083,1.0,1.0,652.0,1.0,5310,PKD1
1552,5310_2153765,1.0,1.0,652.0,1.0,5310,PKD1
1583,3101_176314639,1.0,1.0,1086.0,1.0,3101,HK3
1584,3101_176316559,1.0,1.0,1086.0,1.0,3101,HK3
1585,3575_35874644,3.0,0.333333333333,575.3,1.0,3575,IL7R
1588,3575_35876286,2.0,0.5,575.3,1.0,3575,IL7R
1592,8001_175565168,1.0,1.0,324.2,1.0,8001,GLRA3
1598,90523_53989504,2.0,0.5,0.0,1.0,90523,MLIP
1603,27248_54014410,2.0,0.5,257.6,1.0,27248,ERLEC1
1609,56171_196892695,3.0,1.0,48.7,1.0,56171,DNAH7
1610,56171_196913064,2.0,0.5,48.7,1.0,56171,DNAH7
1611,56171_196866433,1.0,1.0,48.7,1.0,56171,DNAH7
1614,5480_122359640,3.0,1.0,512.4,1.0,5480,PPIC
1615,23541_30812008,3.0,0.333333333333,999.9,1.0,23541,SEC14L2
1617,239_6904934,3.0,1.0,76.1,1.0,239,ALOX12
1618,239_6902319,1.0,0.0,76.1,1.0,239,ALOX12
1625,1755_124345796,1.0,1.0,112.5,1.0,1755,DMBT1
1660,3083_3449314,1.0,1.0,162.9,1.0,3083,HGFAC
1661,221477_36882353,3.0,1.0,0.0,1.0,221477,C6orf89
1662,344320_183936676,3.0,1.0,0.0,1.0,344320,KRT8P10
1663,344320_183936657,1.0,1.0,0.0,1.0,344320,KRT8P10
1664,146754_7736242,3.0,1.0,39.5,1.0,146754,DNAH2
1665,146754_7736520,2.0,0.5,39.5,1.0,146754,DNAH2
1667,146754_7722542,2.0,0.5,39.5,1.0,146754,DNAH2
1680,2804_121412892,3.0,1.0,224.1,1.0,2804,GOLGB1
1790,51700_7687683,3.0,0.333333333333,639.4,1.0,51700,CYB5R2
1791,51700_7690411,1.0,0.0,639.4,1.0,51700,CYB5R2
1801,80143_115323170,1.0,1.0,318.1,1.0,80143,SIKE1
1802,80143_115321810,1.0,0.0,318.1,1.0,80143,SIKE1
1803,26154_215819926,3.0,0.333333333333,129.1,1.0,26154,ABCA12
1804,26154_215865575,2.0,1.0,129.1,1.0,26154,ABCA12
1805,26154_215854156,1.0,1.0,129.1,1.0,26154,ABCA12
1809,64772_77075671,2.0,1.0,36.7,1.0,64772,ENGASE
1899,2870_176863153,3.0,1.0,884.7,1.0,2870,GRK6
1901,2859_241570249,3.0,1.0,63.9,1.0,2859,GPR35
1902,2859_241569925,1.0,0.0,63.9,1.0,2859,GPR35
1903,157855_36767024,3.0,1.0,0.0,1.0,157855,KCNU1
1905,392140_143839950,3.0,1.0,0.0,1.0,392140,OR2A13P
1930,1282_110804809,1.0,1.0,1151.1,1.0,1282,COL4A1
1978,147912_46270388,2.0,0.5,0.0,1.0,147912,SIX5
1979,8516_15646258,2.0,0.5,677.6,1.0,8516,ITGA8
1980,8516_15688984,2.0,0.5,677.6,1.0,8516,ITGA8
1981,8516_15655757,2.0,0.5,677.6,1.0,8516,ITGA8
1984,403313_4662753,2.0,0.5,63.8,1.0,403313,PPAPDC2
1997,55558_153696247,1.0,1.0,448.4,1.0,55558,PLXNA3
1998,55558_153694334,1.0,1.0,448.4,1.0,55558,PLXNA3
2004,84898_20106093,1.0,1.0,182.6,1.0,84898,PLXDC2
2018,774_140772670,2.0,0.5,1061.0,1.0,774,CACNA1B
2019,774_141015276,1.0,0.0,1061.0,1.0,774,CACNA1B
2039,5168_120575209,2.0,0.5,497.0,1.0,5168,ENPP2
2066,7038_133885318,2.0,0.5,306.5,1.0,7038,TG
2080,7038_133909927,1.0,1.0,306.5,1.0,7038,TG
2082,7038_133975283,1.0,1.0,306.5,1.0,7038,TG
2086,9037_9154610,1.0,1.0,342.9,1.0,9037,SEMA5A
2087,9037_9122890,1.0,1.0,342.9,1.0,9037,SEMA5A
2088,2559_161128522,2.0,0.5,5.4,1.0,2559,GABRA6
2089,2559_161113004,1.0,1.0,5.4,1.0,2559,GABRA6
2090,2559_161119125,1.0,1.0,5.4,1.0,2559,GABRA6
2179,27299_24261526,1.0,1.0,297.5,1.0,27299,ADAMDEC1
2180,27299_24254922,1.0,1.0,297.5,1.0,27299,ADAMDEC1
2184,5993_151316350,2.0,0.5,0.0,1.0,5993,RFX5
2185,5993_151315287,1.0,1.0,0.0,1.0,5993,RFX5
2187,20_139912274,2.0,0.5,194.4,1.0,20,ABCA2
2229,7342_33451063,2.0,0.5,0.0,1.0,7342,UBP1
2278,339976_189061106,1.0,1.0,26.1,1.0,339976,TRIML1
2294,1289_137716501,1.0,1.0,620.9,1.0,1289,COL5A1
2295,1289_137686926,1.0,1.0,620.9,1.0,1289,COL5A1
2414,5799_157414064,2.0,1.0,742.7,1.0,5799,PTPRN2
2415,5799_157985149,2.0,1.0,742.7,1.0,5799,PTPRN2
2425,952_15839763,1.0,1.0,811.2,1.0,952,CD38
2441,23451_198257795,1.0,1.0,1268.9,1.0,23451,SF3B1
2442,168544_149462027,2.0,0.5,0.0,1.0,168544,ZNF467
2456,64324_176673763,2.0,0.5,320.2,1.0,64324,NSD1
2457,64324_176721272,2.0,1.0,320.2,1.0,64324,NSD1
2458,64324_176721551,1.0,0.0,320.2,1.0,64324,NSD1
2487,7148_32037914,2.0,0.5,173.2,1.0,7148,TNXB
2488,7148_32050067,2.0,1.0,173.2,1.0,7148,TNXB
2515,55576_104153016,2.0,0.5,121.6,1.0,55576,STAB2
2530,463_72829670,1.0,0.0,679.4,1.0,463,ZFHX3
2544,25865_47177807,2.0,0.5,705.9,1.0,25865,PRKD2
2545,25865_47219453,1.0,1.0,705.9,1.0,25865,PRKD2
2550,7204_14368975,1.0,1.0,1171.9,1.0,7204,TRIO
2589,6711_54753685,1.0,1.0,833.1,1.0,6711,SPTBN1
2590,6711_54858511,1.0,1.0,833.1,1.0,6711,SPTBN1
2600,9361_5696146,1.0,1.0,695.8,1.0,9361,LONP1
2601,9361_5699184,1.0,0.0,695.8,1.0,9361,LONP1
2637,60468_90661138,1.0,1.0,1124.1,1.0,60468,BACH2
2638,60468_90660581,1.0,1.0,1124.1,1.0,60468,BACH2
2639,60468_90647916,1.0,1.0,1124.1,1.0,60468,BACH2
2650,54873_100154340,2.0,0.5,184.6,1.0,54873,PALMD
2651,54873_100152261,2.0,0.5,184.6,1.0,54873,PALMD
2652,10142_91715662,2.0,1.0,857.1,1.0,10142,AKAP9
2655,10142_91691601,1.0,1.0,857.1,1.0,10142,AKAP9
2656,10142_91570419,1.0,1.0,857.1,1.0,10142,AKAP9
2669,79368_157739926,1.0,0.0,285.2,1.0,79368,FCRL2
2670,3683_30510706,2.0,0.5,721.7,1.0,3683,ITGAL
2671,3683_30518041,2.0,1.0,721.7,1.0,3683,ITGAL
2675,3683_30507512,1.0,0.0,721.7,1.0,3683,ITGAL
2730,388698_152324099,1.0,1.0,191.6,1.0,388698,FLG2
2731,388698_152328095,1.0,1.0,191.6,1.0,388698,FLG2
2734,85015_99885245,1.0,1.0,234.2,1.0,85015,USP45
2739,10144_89670155,1.0,1.0,162.0,1.0,10144,FAM13A
2740,6136_130213590,2.0,0.5,0.0,1.0,6136,RPL12
2741,169522_2718675,2.0,0.5,528.6,1.0,169522,KCNV2
2766,100506658_70378643,1.0,0.0,0.0,1.0,100506658,OCLN
2771,10902_137500665,1.0,1.0,320.5,1.0,10902,BRD8
2772,10902_137503737,1.0,1.0,320.5,1.0,10902,BRD8
2778,1039_22360757,2.0,0.5,0.0,1.0,1039,CDR2
2779,1039_22376312,1.0,1.0,0.0,1.0,1039,CDR2
2792,1462_82786194,1.0,1.0,1057.5,1.0,1462,VCAN
2794,5493_4935111,2.0,0.5,444.0,1.0,5493,PPL
2835,5322_20412681,1.0,1.0,0.0,1.0,5322,PLA2G5
2837,9154_85476441,2.0,1.0,36.1,1.0,9154,SLC28A1
2840,9154_85488006,1.0,1.0,36.1,1.0,9154,SLC28A1
2850,161394_77844662,1.0,1.0,35.0,1.0,161394,SAMD15
2851,161394_77844532,1.0,1.0,35.0,1.0,161394,SAMD15
2864,22982_532468,1.0,1.0,692.2,1.0,22982,DIP2C
2865,441509_102977177,2.0,0.5,0.0,1.0,441509,GLRA4
2878,79041_16799102,2.0,0.5,0.0,1.0,79041,TMEM38A
2879,22930_135888244,2.0,0.5,0.0,1.0,22930,RAB3GAP1
2880,146540_30594124,2.0,0.5,144.1,1.0,146540,ZNF785
2927,6564_99376181,1.0,1.0,519.7,1.0,6564,SLC15A1
2929,89122_99489868,1.0,1.0,0.0,1.0,89122,TRIM4
2930,1292_47552224,2.0,0.5,642.8,1.0,1292,COL6A2
2953,23347_2697862,2.0,0.5,0.0,1.0,23347,SMCHD1
2955,9213_180849246,2.0,0.5,391.2,1.0,9213,XPR1
2962,7010_27192585,2.0,0.5,873.6,1.0,7010,TEK
2963,7010_27202870,2.0,1.0,873.6,1.0,7010,TEK
2973,23263_113728878,1.0,0.0,768.5,1.0,23263,MCF2L
2974,388939_29295016,2.0,1.0,0.0,1.0,388939,C2orf71
2987,9181_155921282,1.0,1.0,489.9,1.0,9181,ARHGEF2
2988,341350_29639186,2.0,1.0,68.7,1.0,341350,OVCH1
2989,341350_29639272,2.0,0.5,68.7,1.0,341350,OVCH1
2995,10057_183655701,1.0,0.0,327.3,1.0,10057,ABCC5
2996,10057_183699516,1.0,1.0,327.3,1.0,10057,ABCC5
3000,55870_155307970,2.0,0.5,354.3,1.0,55870,ASH1L
3034,113_50339756,2.0,0.5,376.2,1.0,113,ADCY7
3035,84699_4157169,2.0,0.5,307.0,1.0,84699,CREB3L3
3036,84699_4154971,2.0,0.5,307.0,1.0,84699,CREB3L3
3037,84699_4171092,1.0,0.0,307.0,1.0,84699,CREB3L3
3038,440193_91770293,2.0,0.5,392.7,1.0,440193,CCDC88C
3062,54795_49684617,1.0,0.0,25.8,1.0,54795,TRPM4
3063,54795_49713663,1.0,1.0,25.8,1.0,54795,TRPM4
3066,54795_49713617,1.0,0.0,25.8,1.0,54795,TRPM4
3069,25878_3242413,2.0,0.5,554.0,1.0,25878,MXRA5
3094,57565_30350455,2.0,0.5,334.4,1.0,57565,KLHL14
3096,57565_30350105,1.0,1.0,334.4,1.0,57565,KLHL14
3104,8829_33510667,2.0,0.5,505.3,1.0,8829,NRP1
3107,324_112116592,1.0,0.0,982.3,1.0,324,APC
3110,11103_75902108,2.0,0.5,1323.6,1.0,11103,KRR1
3140,4641_1383893,1.0,1.0,527.8,1.0,4641,MYO1C
3143,64084_140282861,2.0,1.0,534.6,1.0,64084,CLSTN2
3165,127254_75038228,1.0,1.0,0.0,1.0,127254,C1orf173
3190,54704_94935010,2.0,0.5,593.9,1.0,54704,PDP1
3191,6141_49119429,2.0,1.0,0.0,1.0,6141,RPL18
3192,421_19969230,2.0,0.5,253.9,1.0,421,ARVCF
3203,54549_71375612,2.0,0.5,611.3,1.0,54549,SDK2
3204,54549_71334983,1.0,1.0,611.3,1.0,54549,SDK2
3205,54549_71394485,1.0,1.0,611.3,1.0,54549,SDK2
3242,114_131848585,2.0,0.5,559.8,1.0,114,ADCY8
3293,55832_67699720,1.0,1.0,545.0,1.0,55832,CAND1
3297,25959_11303897,1.0,1.0,316.1,1.0,25959,KANK2
3298,4297_118352712,2.0,0.5,517.7,1.0,4297,KMT2A
3299,4297_118352712,2.0,0.5,517.7,1.0,4297,MLL
3306,4297_118374951,2.0,0.5,517.7,1.0,4297,KMT2A
3307,4297_118374951,2.0,0.5,517.7,1.0,4297,MLL
3335,29951_41966431,2.0,0.5,6.8,1.0,29951,PDZRN4
3336,29951_41900422,1.0,1.0,6.8,1.0,29951,PDZRN4
3352,4620_10442866,1.0,1.0,1155.9,1.0,4620,MYH2
3373,1441_36937065,1.0,1.0,843.3,1.0,1441,CSF3R
3374,197358_3614041,2.0,0.5,233.4,1.0,197358,NLRC3
3388,55339_128477839,2.0,0.5,524.2,1.0,55339,WDR33
3403,64866_45127515,1.0,1.0,151.7,1.0,64866,CDCP1
3405,4586_1212840,2.0,1.0,0.0,1.0,4586,MUC5AC
3446,9956_22926609,2.0,0.5,47.3,1.0,9956,HS3ST2
3469,1778_102466737,1.0,0.0,999.7,1.0,1778,DYNC1H1
3487,1107_7800502,2.0,0.5,465.4,1.0,1107,CHD3
3488,1107_7798683,2.0,0.5,465.4,1.0,1107,CHD3
3526,57597_79410072,1.0,1.0,0.0,1.0,57597,BAHCC1
3527,57597_79410134,1.0,1.0,0.0,1.0,57597,BAHCC1
3529,80129_151939128,2.0,0.5,219.4,1.0,80129,CCDC170
3533,23268_101639877,1.0,1.0,244.3,1.0,23268,DNMBP
3534,23268_101716934,1.0,1.0,244.3,1.0,23268,DNMBP
3577,4682_10851764,1.0,1.0,459.9,1.0,4682,NUBP1
3578,4682_10841095,1.0,1.0,459.9,1.0,4682,NUBP1
3579,2065_56490857,2.0,0.5,0.0,1.0,2065,ERBB3
3601,23040_1946968,1.0,0.0,75.2,1.0,23040,MYT1L
3602,23040_1805489,1.0,1.0,75.2,1.0,23040,MYT1L
3603,54906_5781833,2.0,0.5,0.0,1.0,54906,FAM208B
3692,79968_44120432,2.0,0.5,0.0,1.0,79968,WDR76
3693,246176_34074068,2.0,0.5,26.9,1.0,246176,GAS2L2
3696,7932_29556434,2.0,0.5,0.0,1.0,7932,OR2H2
3697,7932_29555809,1.0,1.0,0.0,1.0,7932,OR2H2
3698,54887_34803947,2.0,1.0,0.0,1.0,54887,UHRF1BP1
3745,3428_158990261,2.0,0.5,198.0,1.0,3428,IFI16
3746,163589_179609053,2.0,0.5,0.0,1.0,163589,TDRD5
3747,79184_154305462,2.0,0.5,0.0,1.0,79184,BRCC3
3757,6261_38976630,2.0,0.5,559.8,1.0,6261,RYR1
3796,80206_34261476,1.0,1.0,14.3,1.0,80206,FHOD3
3838,4253_39748717,1.0,0.0,148.5,1.0,4253,CTAGE5
3840,8777_13217196,2.0,0.5,473.3,1.0,8777,MPDZ
3841,8777_13138104,2.0,0.5,473.3,1.0,8777,MPDZ
3859,8546_77409636,1.0,1.0,709.9,1.0,8546,AP3B1
3881,25790_159856448,1.0,1.0,82.7,1.0,25790,CCDC19
3889,93492_20000614,1.0,1.0,413.2,1.0,93492,TPTE2
3890,93492_20000598,1.0,1.0,413.2,1.0,93492,TPTE2
3935,93589_1993484,2.0,0.5,807.3,1.0,93589,CACNA2D4
3936,93589_1949958,2.0,0.5,807.3,1.0,93589,CACNA2D4
3941,4255_131506231,2.0,0.5,0.0,1.0,4255,MGMT
3942,5034_79804400,2.0,0.5,1496.6,1.0,5034,P4HB
3946,8857_40366101,2.0,0.5,426.6,1.0,8857,FCGBP
3947,8857_40364079,2.0,0.5,426.6,1.0,8857,FCGBP
3966,340595_111698774,1.0,0.0,115.0,1.0,340595,ZCCHC16
3985,55757_96555252,1.0,0.0,218.7,1.0,55757,UGGT2
3987,55291_68331877,2.0,0.5,1084.7,1.0,55291,PPP6R3
3990,10294_47005399,1.0,1.0,1288.5,1.0,10294,DNAJA2
3991,386675_46021268,2.0,0.5,0.0,1.0,386675,KRTAP10-7
4002,83637_44797683,2.0,0.5,342.3,1.0,83637,ZMIZ2
4003,83637_44805072,2.0,0.5,342.3,1.0,83637,ZMIZ2
4004,83637_44806089,1.0,1.0,342.3,1.0,83637,ZMIZ2
4008,139628_55650232,2.0,0.5,0.0,1.0,139628,FOXR2
4009,139628_55650393,2.0,0.5,0.0,1.0,139628,FOXR2
4010,139628_55650462,2.0,0.5,0.0,1.0,139628,FOXR2
4011,54847_113300224,2.0,0.5,0.0,1.0,54847,SIDT1
4037,5354_103041545,1.0,0.0,541.6,1.0,5354,PLP1
4038,5354_103042754,1.0,0.0,541.6,1.0,5354,PLP1
4039,9744_7251632,2.0,0.5,0.0,1.0,9744,ACAP1
4040,196743_135202535,2.0,0.5,0.0,1.0,196743,PAOX
4052,9928_200522566,1.0,1.0,233.0,1.0,9928,KIF14
4053,9928_200571136,1.0,1.0,233.0,1.0,9928,KIF14
4054,1767_13751210,2.0,0.5,610.5,1.0,1767,DNAH5
4130,28227_347131,2.0,0.5,321.1,1.0,28227,PPP2R3B
4131,28227_322257,1.0,1.0,321.1,1.0,28227,PPP2R3B
4158,1303_75864255,2.0,0.5,573.5,1.0,1303,COL12A1
4204,5232_49754598,2.0,0.5,0.0,1.0,5232,PGK2
4240,63976_3102815,2.0,0.5,256.8,1.0,63976,PRDM16
4265,57589_5757374,2.0,0.5,56.8,1.0,57589,KIAA1432
4266,57589_5720735,2.0,0.5,56.8,1.0,57589,KIAA1432
4290,128553_51870336,1.0,1.0,26.2,1.0,128553,TSHZ2
4294,51760_19195026,2.0,0.5,0.0,1.0,51760,SYT17
4296,23420_14958553,2.0,0.5,1041.2,1.0,23420,NOMO1
4328,3385_10449575,2.0,0.5,567.4,1.0,3385,ICAM3
4329,3385_10444603,1.0,1.0,567.4,1.0,3385,ICAM3
4352,23383_19431844,1.0,1.0,124.0,1.0,23383,MAU2
4353,10212_14523412,2.0,0.5,0.0,1.0,10212,DDX39A
4354,6503_134062170,2.0,0.5,1088.0,1.0,6503,SLA
4413,144132_6590054,1.0,1.0,38.0,1.0,144132,DNHD1
4428,5074_80083954,1.0,0.0,260.9,1.0,5074,PAWR
4458,152273_14862664,1.0,1.0,29.3,1.0,152273,FGD5
4460,152273_14939471,1.0,1.0,29.3,1.0,152273,FGD5
4494,23620_11809697,2.0,0.5,0.0,1.0,23620,NTSR2
4495,6708_158582606,2.0,0.5,401.0,1.0,6708,SPTA1
4496,6708_158583518,2.0,0.5,401.0,1.0,6708,SPTA1
4497,6708_158583510,2.0,0.5,401.0,1.0,6708,SPTA1
4499,6708_158623172,2.0,0.5,401.0,1.0,6708,SPTA1
4567,7399_215901492,1.0,1.0,172.6,1.0,7399,USH2A
4568,51491_175812277,2.0,1.0,287.4,1.0,51491,NOP16
4570,51491_175815324,1.0,1.0,287.4,1.0,51491,NOP16
4578,84893_5979213,1.0,1.0,0.0,1.0,84893,FBXO18
4579,26054_76385768,2.0,0.5,232.4,1.0,26054,SENP6
4606,57191_57967712,2.0,0.5,0.0,1.0,57191,VN1R1
4607,57191_57967133,1.0,1.0,0.0,1.0,57191,VN1R1
4609,4012_96358148,1.0,1.0,438.4,1.0,4012,LNPEP
4610,4012_96322360,1.0,1.0,438.4,1.0,4012,LNPEP
4625,11216_19835124,1.0,1.0,0.0,1.0,11216,AKAP10
4626,340527_71360504,2.0,0.5,0.0,1.0,340527,NHSL2
4647,5858_9352975,2.0,0.5,140.4,1.0,5858,PZP
4648,5858_9312951,1.0,1.0,140.4,1.0,5858,PZP
4708,9672_31351513,1.0,1.0,1059.6,1.0,9672,SDC3
4709,9672_31349853,1.0,1.0,1059.6,1.0,9672,SDC3
4710,54954_54209023,2.0,0.5,0.0,1.0,54954,FAM120C
4711,9699_105261014,2.0,0.5,946.6,1.0,9699,RIMS2
4722,661_22107993,2.0,0.5,0.0,1.0,661,POLR3D
4723,57732_2306946,2.0,0.5,0.0,1.0,57732,ZFYVE28
4741,90332_45716591,2.0,0.5,110.0,1.0,90332,EXOC3L2
4742,90332_45731482,1.0,0.0,110.0,1.0,90332,EXOC3L2
4744,222256_105615426,2.0,1.0,0.0,1.0,222256,CDHR3
4751,5294_106513011,1.0,1.0,952.4,1.0,5294,PIK3CG
4752,80344_24587639,2.0,1.0,0.0,1.0,80344,DCAF11
4753,10538_76012817,2.0,0.5,0.0,1.0,10538,BATF
4764,25956_102269109,1.0,1.0,324.6,1.0,25956,SEC31B
4765,25956_102257443,1.0,1.0,324.6,1.0,25956,SEC31B
4797,146956_48455985,2.0,1.0,0.0,1.0,146956,EME1
4813,64072_73544086,1.0,1.0,317.7,1.0,64072,CDH23
4817,64072_73468968,1.0,0.0,317.7,1.0,64072,CDH23
4821,26707_29141849,1.0,1.0,0.0,1.0,26707,OR2J2
4822,26707_29141632,1.0,1.0,0.0,1.0,26707,OR2J2
4823,26707_29141743,1.0,1.0,0.0,1.0,26707,OR2J2
4842,23091_46619560,2.0,0.5,349.6,1.0,23091,ZC3H13
4843,23091_46559772,2.0,0.5,349.6,1.0,23091,ZC3H13
4844,23091_46541673,1.0,1.0,349.6,1.0,23091,ZC3H13
4849,347365_54784371,2.0,0.5,9.6,1.0,347365,ITIH6
4850,347365_54776478,1.0,1.0,9.6,1.0,347365,ITIH6
4851,347365_54776381,1.0,0.0,9.6,1.0,347365,ITIH6
4852,347365_54783712,1.0,0.0,9.6,1.0,347365,ITIH6
4858,54490_70152481,1.0,1.0,161.3,1.0,54490,UGT2B28
4860,57480_151153024,2.0,0.5,17.1,1.0,57480,PLEKHG1
4944,9907_4821255,1.0,1.0,292.9,1.0,9907,AP5Z1
4945,54875_17236415,2.0,0.5,155.9,1.0,54875,CNTLN
4972,1371_98307630,1.0,1.0,0.0,1.0,1371,CPOX
4973,114798_84454817,2.0,0.5,90.8,1.0,114798,SLITRK1
4974,114798_84455509,1.0,0.0,90.8,1.0,114798,SLITRK1
4975,114798_84453858,1.0,0.0,90.8,1.0,114798,SLITRK1
4985,9378_51254683,1.0,0.0,294.1,1.0,9378,NRXN1
4986,79986_53472683,2.0,0.5,0.0,1.0,79986,ZNF702P
5029,55689_183472043,1.0,1.0,69.7,1.0,55689,YEATS2
5060,91147_94809588,2.0,0.5,0.0,1.0,91147,TMEM67
5061,91147_94777654,1.0,1.0,0.0,1.0,91147,TMEM67
5062,1641_110653418,2.0,0.5,508.1,1.0,1641,DCX
5095,7143_175332868,1.0,1.0,111.0,1.0,7143,TNR
5096,7143_175355240,1.0,1.0,111.0,1.0,7143,TNR
5103,157680_100847855,1.0,1.0,0.0,1.0,157680,VPS13B
5125,60676_176708869,1.0,1.0,198.3,1.0,60676,PAPPA2
5126,3109_32906598,2.0,0.5,0.0,1.0,3109,HLA-DMB
5127,83903_3627840,2.0,1.0,0.0,1.0,83903,GSG2
5128,83903_3628362,2.0,1.0,0.0,1.0,83903,GSG2
5172,83439_85510654,1.0,1.0,867.0,1.0,83439,TCF7L1
5173,83439_85529650,1.0,1.0,867.0,1.0,83439,TCF7L1
5174,84302_104238214,2.0,0.5,0.0,1.0,84302,TMEM246
5199,166647_22517165,2.0,0.5,0.0,1.0,166647,GPR125
5201,30819_103599520,1.0,1.0,0.0,1.0,30819,KCNIP2
5209,25981_52413979,1.0,0.0,96.9,1.0,25981,DNAH1
5211,285242_183818416,2.0,1.0,0.0,1.0,285242,HTR3E
5214,54014_40668280,2.0,0.5,266.3,1.0,54014,BRWD1
5219,29_995059,2.0,0.5,70.5,1.0,29,ABR
5220,29_1028691,1.0,1.0,70.5,1.0,29,ABR
5222,55174_19677984,2.0,0.5,0.0,1.0,55174,INTS10
5223,170572_183777748,2.0,0.5,1.1,1.0,170572,HTR3C
5233,56125_140580279,1.0,1.0,0.0,1.0,56125,PCDHB11
5236,7270_135275452,2.0,0.5,0.0,1.0,7270,TTF1
5237,27164_76754115,2.0,0.5,609.6,1.0,27164,SALL3
5283,1523_101892121,2.0,0.0,814.0,1.0,1523,CUX1
5284,1523_101847718,1.0,0.0,814.0,1.0,1523,CUX1
5318,57583_158957887,2.0,0.5,0.0,1.0,57583,TMEM181
5320,93035_110455184,1.0,1.0,291.8,1.0,93035,PKHD1L1
5323,93035_110476966,1.0,1.0,291.8,1.0,93035,PKHD1L1
5324,93035_110455321,1.0,1.0,291.8,1.0,93035,PKHD1L1
5359,9987_83350530,1.0,0.0,0.0,1.0,9987,HNRNPDL
5360,9987_83350530,1.0,0.0,0.0,1.0,9987,HNRPDL
5363,132158_52326848,2.0,0.5,0.0,1.0,132158,GLYCTK
5376,23742_24922544,1.0,1.0,19.4,1.0,23742,NPAP1
5377,23742_24922544,1.0,1.0,19.4,1.0,23742,C15orf2
5378,23742_24922230,1.0,1.0,19.4,1.0,23742,NPAP1
5379,23742_24922230,1.0,1.0,19.4,1.0,23742,C15orf2
5385,416_3030306,1.0,1.0,86.1,1.0,416,ARSF
5386,8805_138258373,2.0,0.5,1040.9,1.0,8805,TRIM24
5388,8805_138265310,1.0,1.0,1040.9,1.0,8805,TRIM24
5393,25989_75134762,2.0,0.5,0.0,1.0,25989,ULK3
5414,4215_61762904,2.0,0.5,1559.0,1.0,4215,MAP3K3
5422,29781_50961303,2.0,0.5,0.0,1.0,29781,NCAPH2
5425,343169_247875975,1.0,1.0,42.5,1.0,343169,OR6F1
5427,9261_206903432,2.0,1.0,905.6,1.0,9261,MAPKAPK2
5446,636_32480886,1.0,1.0,317.8,1.0,636,BICD1
5505,79784_50812344,1.0,0.0,1001.3,1.0,79784,MYH14
5509,51281_241492350,1.0,1.0,103.7,1.0,51281,ANKMY1
5510,51281_241465261,1.0,1.0,103.7,1.0,51281,ANKMY1
5527,2195_187628248,2.0,0.5,582.5,1.0,2195,FAT1
5528,2195_187542755,1.0,1.0,582.5,1.0,2195,FAT1
5529,2195_187629589,1.0,1.0,582.5,1.0,2195,FAT1
5530,2195_187629896,1.0,1.0,582.5,1.0,2195,FAT1
5531,2195_187510319,1.0,1.0,582.5,1.0,2195,FAT1
5537,2195_187629538,1.0,1.0,582.5,1.0,2195,FAT1
5539,6594_128657222,1.0,0.0,1092.2,1.0,6594,SMARCA1
5648,9486_101010082,2.0,1.0,40.7,1.0,9486,CHST10
5649,23729_3526637,2.0,1.0,339.5,1.0,23729,SHPK
5668,138883_125288964,2.0,0.5,0.0,1.0,138883,OR1N1
5682,22794_38318284,2.0,0.5,1079.7,1.0,22794,CASC3
5683,22794_38319961,1.0,0.0,1079.7,1.0,22794,CASC3
5684,127018_219384958,2.0,0.5,0.0,1.0,127018,LYPLAL1
5685,219875_123810393,2.0,0.5,0.0,1.0,219875,OR4D5
5696,84467_8146248,1.0,0.0,114.9,1.0,84467,FBN3
5741,6326_166231282,1.0,0.0,0.0,1.0,6326,SCN2A
5751,4589_71339788,2.0,0.5,165.6,1.0,4589,MUC7
5841,53335_60688600,1.0,1.0,132.2,1.0,53335,BCL11A
5842,53335_60687752,1.0,1.0,132.2,1.0,53335,BCL11A
5852,51168_18025527,1.0,1.0,139.4,1.0,51168,MYO15A
5896,144193_96359525,2.0,0.5,402.1,1.0,144193,AMDHD1
5897,23670_74300217,2.0,0.5,32.9,1.0,23670,TMEM2
5899,23670_74324240,1.0,1.0,32.9,1.0,23670,TMEM2
5900,23670_74315560,1.0,1.0,32.9,1.0,23670,TMEM2
5901,23670_74305098,1.0,1.0,32.9,1.0,23670,TMEM2
5928,259266_197094030,1.0,1.0,569.3,1.0,259266,ASPM
5929,259266_197062249,1.0,1.0,569.3,1.0,259266,ASPM
5931,607_147090644,1.0,1.0,409.3,1.0,607,BCL9
5958,317781_132626668,1.0,1.0,937.5,1.0,317781,DDX51
5968,80114_60573609,2.0,0.5,0.0,1.0,80114,BICC1
5971,93349_231264857,2.0,0.5,0.0,1.0,93349,SP140L
5974,56112_140725828,1.0,1.0,0.0,1.0,56112,PCDHGA3
5975,221037_64967938,2.0,0.5,879.9,1.0,221037,JMJD1C
5991,57198_154300618,2.0,0.5,209.9,1.0,57198,ATP8B2
6015,201626_57543396,2.0,0.5,0.0,1.0,201626,PDE12
6016,201626_57543196,1.0,0.0,0.0,1.0,201626,PDE12
6017,653247_11546180,2.0,0.5,0.0,1.0,653247,PRB2
6018,653247_11546273,2.0,0.5,0.0,1.0,653247,PRB2
6092,7099_120475419,2.0,0.5,0.0,1.0,7099,TLR4
6093,7099_120475302,1.0,1.0,0.0,1.0,7099,TLR4
6123,196483_5141855,1.0,1.0,0.0,1.0,196483,FAM86A
6178,132949_57215792,2.0,0.5,0.0,1.0,132949,AASDH
6179,132949_57215677,1.0,1.0,0.0,1.0,132949,AASDH
6204,128859_31622089,1.0,1.0,30.9,1.0,128859,BPIFB6
6225,80329_150290338,2.0,0.5,0.0,1.0,80329,ULBP1
6226,200162_118565931,2.0,0.5,455.8,1.0,200162,SPAG17
6227,200162_118727733,1.0,1.0,455.8,1.0,200162,SPAG17
6228,200162_118644485,1.0,0.0,455.8,1.0,200162,SPAG17
6230,150468_113513632,2.0,0.5,0.0,1.0,150468,CKAP2L
6275,6718_137801382,1.0,1.0,339.6,1.0,6718,AKR1D1
6276,6323_166894497,2.0,0.5,136.0,1.0,6323,SCN1A
6301,219493_56431834,1.0,1.0,0.0,1.0,219493,OR5AR1
6310,862_92972658,2.0,0.5,599.4,1.0,862,RUNX1T1
6317,219417_56143592,1.0,1.0,0.0,1.0,219417,OR8U1
6318,219417_56143966,1.0,1.0,0.0,1.0,219417,OR8U1
6329,9099_119243580,1.0,1.0,405.2,1.0,9099,USP2
6352,390429_20296010,1.0,1.0,0.0,1.0,390429,OR4N2
6353,390429_20295834,1.0,1.0,0.0,1.0,390429,OR4N2
6354,400668_687034,2.0,0.5,0.0,1.0,400668,PRSS57
6355,400668_686939,1.0,1.0,0.0,1.0,400668,PRSS57
6356,63893_74392381,2.0,0.5,97.8,1.0,63893,UBE2O
6357,63893_74394934,1.0,1.0,97.8,1.0,63893,UBE2O
6358,137886_59352245,2.0,0.5,0.0,1.0,137886,UBXN2B
6359,137886_59347057,1.0,1.0,0.0,1.0,137886,UBXN2B
6396,667_56397207,1.0,0.0,707.0,1.0,667,DST
6397,3320_102549628,2.0,0.5,0.0,1.0,3320,HSP90AA1
6437,81847_127608035,2.0,0.5,294.5,1.0,81847,RNF146
6438,81847_127608036,2.0,0.5,294.5,1.0,81847,RNF146
6491,56156_107224540,1.0,1.0,0.0,1.0,56156,TEX13B
6508,25929_154280951,2.0,0.5,624.2,1.0,25929,GEMIN5
6509,25929_154315560,2.0,0.5,624.2,1.0,25929,GEMIN5
6531,11277_48508910,1.0,1.0,538.2,1.0,11277,TREX1
6538,340980_5602615,1.0,1.0,0.0,1.0,340980,OR52B6
6539,5291_138374244,2.0,0.5,0.0,1.0,5291,PIK3CB
6552,80209_39588261,1.0,1.0,388.9,1.0,80209,PROSER1
6612,64579_115858662,1.0,0.0,228.7,1.0,64579,NDST4
6613,64579_115898369,1.0,0.0,228.7,1.0,64579,NDST4
6655,4171_127339925,1.0,1.0,1424.2,1.0,4171,MCM2
6657,126206_56572875,1.0,1.0,49.2,1.0,126206,NLRP5
6667,347468_130678844,1.0,1.0,0.0,1.0,347468,OR13H1
6674,4993_3406386,1.0,1.0,0.0,1.0,4993,OR2C1
6676,9332_7651554,2.0,0.5,1144.1,1.0,9332,CD163
6677,9332_7640177,2.0,0.5,1144.1,1.0,9332,CD163
6687,393_153186831,2.0,0.5,333.1,1.0,393,ARHGAP4
6688,393_153186199,1.0,1.0,333.1,1.0,393,ARHGAP4
6730,57674_78343413,2.0,0.5,400.5,1.0,57674,RNF213
6731,57674_78354661,2.0,1.0,400.5,1.0,57674,RNF213
6770,125_100232046,2.0,0.5,113.5,1.0,125,ADH1B
6771,125_100239268,1.0,1.0,113.5,1.0,125,ADH1B
6772,476_116929945,2.0,0.5,1290.7,1.0,476,ATP1A1
6773,476_116932301,2.0,0.5,1290.7,1.0,476,ATP1A1
6783,57468_44671880,1.0,1.0,216.6,1.0,57468,SLC12A5
6784,4067_56866442,2.0,0.5,1429.8,1.0,4067,LYN
6785,4067_56864557,1.0,1.0,1429.8,1.0,4067,LYN
6808,23405_95557629,2.0,0.5,1632.6,1.0,23405,DICER1
6809,23405_95590777,2.0,0.5,1632.6,1.0,23405,DICER1
6814,23405_95562407,1.0,1.0,1632.6,1.0,23405,DICER1
6823,10520_58152577,1.0,0.0,457.4,1.0,10520,ZNF211
6882,51059_139164287,2.0,0.5,118.8,1.0,51059,FAM135B
6885,51059_139165289,1.0,1.0,118.8,1.0,51059,FAM135B
6886,391059_100181191,2.0,0.5,19.7,1.0,391059,FRRS1
6888,391059_100194174,1.0,1.0,19.7,1.0,391059,FRRS1
6889,391059_100203648,1.0,1.0,19.7,1.0,391059,FRRS1
6890,5830_7343014,2.0,0.5,0.0,1.0,5830,PEX5
6891,1588_51520089,2.0,0.5,184.7,1.0,1588,CYP19A1
6894,372_118455289,2.0,0.5,769.2,1.0,372,ARCN1
6895,5980_111697456,2.0,0.5,712.0,1.0,5980,REV3L
6919,113452_33363789,2.0,0.5,0.0,1.0,113452,TMEM54
6920,79809_166770121,2.0,0.5,0.0,1.0,79809,TTC21B
6921,79809_166771885,1.0,1.0,0.0,1.0,79809,TTC21B
6923,7766_44564909,2.0,0.5,409.3,1.0,7766,ZNF223
6924,7766_44570873,1.0,1.0,409.3,1.0,7766,ZNF223
6952,9652_94861118,1.0,1.0,788.1,1.0,9652,TTC37
6960,200403_98853095,1.0,0.0,0.0,1.0,200403,VWA3B
6961,284827_31802980,2.0,0.5,0.0,1.0,284827,KRTAP13-4
6962,23142_52777312,2.0,0.0,0.0,1.0,23142,DCUN1D4
6992,54456_50582626,1.0,1.0,0.0,1.0,54456,MOV10L1
6993,54456_50584201,1.0,1.0,0.0,1.0,54456,MOV10L1
7007,8927_49691425,2.0,0.5,568.0,1.0,8927,BSN
7020,53905_45427465,2.0,0.5,506.9,1.0,53905,DUOX1
7022,53905_45440548,1.0,1.0,506.9,1.0,53905,DUOX1
7053,94241_95952260,1.0,0.0,0.0,1.0,94241,TP53INP1
7056,57678_113920471,2.0,0.5,0.0,1.0,57678,GPAM
7057,57678_113935379,1.0,1.0,0.0,1.0,57678,GPAM
7058,5900_135983504,2.0,1.0,0.0,1.0,5900,RALGDS
7109,145447_51352608,1.0,1.0,0.0,1.0,145447,ABHD12B
7110,6582_160664756,2.0,0.5,79.4,1.0,6582,SLC22A2
7112,6582_160666573,1.0,1.0,79.4,1.0,6582,SLC22A2
7164,84103_100443784,1.0,1.0,0.0,1.0,84103,C4orf17
7165,84103_100443782,1.0,1.0,0.0,1.0,84103,C4orf17
7170,112802_52938407,1.0,1.0,0.0,1.0,112802,KRT71
7171,11209_16976585,2.0,1.0,0.0,1.0,11209,MST1P2
7172,11209_16976147,1.0,0.0,0.0,1.0,11209,MST1P2
7173,11209_16975289,1.0,1.0,0.0,1.0,11209,MST1P2
7183,22_74293735,1.0,0.0,343.6,1.0,22,ABCB7
7185,22_74296409,1.0,1.0,343.6,1.0,22,ABCB7
7186,57217_47220622,2.0,1.0,0.0,1.0,57217,TTC7A
7200,23294_34985340,2.0,0.5,401.1,1.0,23294,ANKS1A
7201,23294_35051202,1.0,1.0,401.1,1.0,23294,ANKS1A
7205,124359_80638351,2.0,0.5,418.7,1.0,124359,CDYL2
7236,5042_25671122,1.0,0.0,1608.7,1.0,5042,PABPC3
7264,219970_58604779,2.0,0.5,0.0,1.0,219970,GLYATL2
7290,5925_49039407,2.0,0.5,1252.0,1.0,5925,RB1
7292,29994_160240182,2.0,0.5,53.3,1.0,29994,BAZ2B
7293,29994_160289578,1.0,0.0,53.3,1.0,29994,BAZ2B
7295,29994_160239112,1.0,0.0,53.3,1.0,29994,BAZ2B
7296,22885_148624541,2.0,0.5,705.6,1.0,22885,ABLIM3
7297,6385_43959044,2.0,0.5,0.0,1.0,6385,SDC4
7298,5364_48453906,2.0,0.5,427.3,1.0,5364,PLXNB1
7325,10780_44662001,1.0,0.0,504.4,1.0,10780,ZNF234
7326,10780_44652954,1.0,1.0,504.4,1.0,10780,ZNF234
7335,9656_30672299,1.0,1.0,549.8,1.0,9656,MDC1
7336,9656_30673315,1.0,1.0,549.8,1.0,9656,MDC1
7337,9656_30673340,1.0,1.0,549.8,1.0,9656,MDC1
7338,9656_30680130,1.0,1.0,549.8,1.0,9656,MDC1
7373,23216_37904082,1.0,1.0,0.0,1.0,23216,TBC1D1
7374,90249_176304656,2.0,0.5,0.0,1.0,90249,UNC5A
7384,440050_71238742,1.0,1.0,15.9,1.0,440050,KRTAP5-7
7385,440050_71238542,1.0,1.0,15.9,1.0,440050,KRTAP5-7
7387,3227_54369081,1.0,1.0,0.0,1.0,3227,HOXC11
7419,201232_6942108,1.0,1.0,741.8,1.0,201232,SLC16A13
7423,284443_21607526,2.0,0.5,559.0,1.0,284443,ZNF493
7425,1026_36651904,2.0,0.5,1356.9,1.0,1026,CDKN1A
7450,124274_20043241,2.0,0.5,65.4,1.0,124274,GPR139
7458,9260_176916556,1.0,1.0,445.6,1.0,9260,PDLIM7
7467,5894_12626642,1.0,1.0,1641.8,1.0,5894,RAF1
7488,57572_11327626,1.0,1.0,86.8,1.0,57572,DOCK6
7490,57572_11352854,1.0,0.0,86.8,1.0,57572,DOCK6
7491,57572_11319375,1.0,1.0,86.8,1.0,57572,DOCK6
7494,399947_109294460,2.0,0.5,0.0,1.0,399947,C11orf87
7495,399947_109294541,1.0,0.0,0.0,1.0,399947,C11orf87
7567,460_176852036,2.0,0.5,86.2,1.0,460,ASTN1
7569,460_176863842,1.0,1.0,86.2,1.0,460,ASTN1
7570,460_176833480,1.0,1.0,86.2,1.0,460,ASTN1
7571,5602_87028402,2.0,0.5,0.0,1.0,5602,MAPK10
7582,58500_146107607,2.0,0.5,0.0,1.0,58500,ZNF250
7606,145508_81259240,1.0,1.0,138.5,1.0,145508,CEP128
7633,9947_140994614,1.0,1.0,126.4,1.0,9947,MAGEC1
7661,202134_175530270,2.0,0.5,0.0,1.0,202134,FAM153B
7662,374868_76936903,2.0,0.5,370.7,1.0,374868,ATP9B
7665,7554_58806248,1.0,1.0,0.0,1.0,7554,ZNF8
7721,7045_135388663,1.0,1.0,1059.0,1.0,7045,TGFBI
7722,7045_135382989,1.0,1.0,1059.0,1.0,7045,TGFBI
7752,1278_94035605,1.0,1.0,1338.8,1.0,1278,COL1A2
7753,571_30714912,2.0,0.5,0.0,1.0,571,BACH1
7754,571_30699014,1.0,1.0,0.0,1.0,571,BACH1
7792,11342_149677884,2.0,0.5,0.0,1.0,11342,RNF13
7855,80223_37720621,2.0,0.5,0.0,1.0,80223,RAB11FIP1
7856,80223_37732715,1.0,1.0,0.0,1.0,80223,RAB11FIP1
7857,114795_126138656,2.0,0.5,0.0,1.0,114795,TMEM132B
7858,114795_126137125,1.0,0.0,0.0,1.0,114795,TMEM132B
7870,729330_133047071,1.0,1.0,20.8,1.0,729330,OC90
7871,4651_16769308,2.0,0.5,414.3,1.0,4651,MYO10
7890,5452_42603703,2.0,0.5,0.0,1.0,5452,POU2F2
7891,26167_140516258,2.0,0.5,9.8,1.0,26167,PCDHB5
7892,26167_140516096,1.0,0.0,9.8,1.0,26167,PCDHB5
7922,2906_48917682,2.0,0.5,694.4,1.0,2906,GRIN2D
7924,2906_48946470,1.0,0.0,694.4,1.0,2906,GRIN2D
7925,2906_48908153,1.0,1.0,694.4,1.0,2906,GRIN2D
7926,10723_1065399,2.0,1.0,87.2,1.0,10723,SLC12A7
7927,10723_1081767,2.0,1.0,87.2,1.0,10723,SLC12A7
7928,10723_1081702,1.0,1.0,87.2,1.0,10723,SLC12A7
7931,170506_154001060,1.0,1.0,682.3,1.0,170506,DHX36
7938,80737_31741165,2.0,0.5,0.0,1.0,80737,VWA7
7939,3172_43043255,2.0,0.5,659.0,1.0,3172,HNF4A
7971,5638_37312552,2.0,0.5,27.3,1.0,5638,PRRG1
8008,51586_20920816,1.0,0.0,693.7,1.0,51586,MED15
8009,283687_80215300,2.0,1.0,0.0,1.0,283687,C15orf37
8020,22859_14266312,1.0,1.0,293.8,1.0,22859,LPHN1
8041,84674_40854298,2.0,0.5,157.2,1.0,84674,CARD6
8042,84674_40854171,1.0,0.0,157.2,1.0,84674,CARD6
8043,84674_40852335,1.0,1.0,157.2,1.0,84674,CARD6
8046,25925_22805082,2.0,0.5,0.0,1.0,25925,ZNF521
8062,654_7862663,2.0,0.5,576.9,1.0,654,BMP6
8074,2494_200080383,2.0,0.5,0.0,1.0,2494,NR5A2
8075,1184_49854982,2.0,0.5,537.4,1.0,1184,CLCN5
8093,151887_112357200,2.0,0.5,618.9,1.0,151887,CCDC80
8094,151887_112356904,1.0,1.0,618.9,1.0,151887,CCDC80
8097,282775_55944860,2.0,0.5,0.0,1.0,282775,OR5J2
8114,8291_71838597,1.0,1.0,276.1,1.0,8291,DYSF
8116,8291_71909724,1.0,0.0,276.1,1.0,8291,DYSF
8144,1306_101749591,2.0,0.5,398.1,1.0,1306,COL15A1
8159,148741_145562087,1.0,1.0,12.1,1.0,148741,ANKRD35
8258,2047_134960104,2.0,0.5,955.2,1.0,2047,EPHB1
8259,2047_134873067,1.0,0.0,955.2,1.0,2047,EPHB1
8260,91056_65547117,2.0,0.5,0.0,1.0,91056,AP5B1
8282,55591_95660246,2.0,0.5,0.0,1.0,55591,VEZT
8311,28513_64197108,2.0,0.5,74.9,1.0,28513,CDH19
8338,2194_80043235,2.0,0.5,0.0,1.0,2194,FASN
8339,6430_70237718,2.0,0.5,0.0,1.0,6430,SRSF5
8340,643314_39877399,2.0,0.5,0.0,1.0,643314,KIAA0754
8416,28682_22363084,2.0,1.0,0.0,1.0,28682,TRAV8-4
8451,30061_190439928,2.0,0.5,0.0,1.0,30061,SLC40A1
8457,3778_79011015,2.0,0.5,0.0,1.0,3778,KCNMA1
8458,272_10518462,2.0,0.5,310.4,1.0,272,AMPD3
8499,136051_148767890,2.0,0.5,0.0,1.0,136051,ZNF786
8519,23116_45542645,2.0,0.5,193.4,1.0,23116,FAM179B
8522,23116_45432870,1.0,1.0,193.4,1.0,23116,FAM179B
8526,8661_120801645,1.0,1.0,1078.1,1.0,8661,EIF3A
8527,8661_120829168,1.0,1.0,1078.1,1.0,8661,EIF3A
8528,153770_145477855,2.0,1.0,0.0,1.0,153770,PLAC8L1
8572,245802_60102507,2.0,1.0,64.6,1.0,245802,MS4A6E
8607,89872_154295592,1.0,1.0,0.0,1.0,89872,AQP10
8608,647696_133020612,2.0,1.0,0.0,1.0,647696,CDC27P1
8609,133584_38352357,2.0,0.5,86.3,1.0,133584,EGFLAM
8636,128653_2796200,2.0,0.5,0.0,1.0,128653,C20orf141
8637,9100_84792342,2.0,0.5,840.3,1.0,9100,USP10
8640,9100_84808824,1.0,1.0,840.3,1.0,9100,USP10
8654,54980_70408980,2.0,0.5,0.0,1.0,54980,C2orf42
8661,54443_36446121,2.0,1.0,833.7,1.0,54443,ANLN
8662,54443_36492118,1.0,1.0,833.7,1.0,54443,ANLN
8669,1729_140896554,1.0,1.0,1379.3,1.0,1729,DIAPH1
8696,9353_20259495,1.0,0.0,712.6,1.0,9353,SLIT2
8697,9353_20493384,1.0,1.0,712.6,1.0,9353,SLIT2
8717,80835_6635194,2.0,0.5,0.0,1.0,80835,TAS1R1
8718,6668_45994094,2.0,1.0,361.9,1.0,6668,SP2
8719,6668_45994044,1.0,1.0,361.9,1.0,6668,SP2
8726,23433_46803742,2.0,0.5,447.8,1.0,23433,RHOQ
8727,23433_46803383,2.0,0.5,447.8,1.0,23433,RHOQ
8728,92211_85972907,2.0,0.5,708.9,1.0,92211,CDHR1
8730,92211_85972043,1.0,1.0,708.9,1.0,92211,CDHR1
8766,202333_79027180,1.0,1.0,6.8,1.0,202333,CMYA5
8767,202333_79031372,1.0,1.0,6.8,1.0,202333,CMYA5
8770,202333_79024914,1.0,1.0,6.8,1.0,202333,CMYA5
8797,132724_69107516,2.0,0.5,0.0,1.0,132724,TMPRSS11B
8798,10769_57751948,2.0,0.5,958.0,1.0,10769,PLK2
8799,10769_57751587,1.0,1.0,958.0,1.0,10769,PLK2
8801,134083_180166561,2.0,0.5,0.0,1.0,134083,OR2Y1
8802,23589_8952307,2.0,0.5,0.0,1.0,23589,CARHSP1
8804,4076_34093489,2.0,0.5,0.0,1.0,4076,CAPRIN1
8805,4076_34098006,1.0,1.0,0.0,1.0,4076,CAPRIN1
8807,1553_41599590,1.0,0.0,28.6,1.0,1553,CYP2A13
8810,152110_27326389,1.0,1.0,811.4,1.0,152110,NEK10
8811,152110_27204052,1.0,1.0,811.4,1.0,152110,NEK10
8817,78991_148743769,2.0,0.5,107.5,1.0,78991,PCYOX1L
8819,84435_134910590,2.0,0.5,0.0,1.0,84435,GPR123
8832,254268_109394593,1.0,1.0,0.0,1.0,254268,AKNAD1
8865,7456_175437077,2.0,0.5,1101.5,1.0,7456,WIPF1
8874,28453_106512020,2.0,1.0,0.0,1.0,28453,IGHV3-6
8875,146433_70690989,2.0,1.0,0.0,1.0,146433,IL34
8876,59343_185337150,2.0,0.5,188.0,1.0,59343,SENP2
8880,55197_33606928,1.0,0.0,552.3,1.0,55197,RPRD1A
8911,140807_52981442,1.0,1.0,0.0,1.0,140807,KRT72
8945,3308_132409730,1.0,1.0,0.0,1.0,3308,HSPA4
8977,389289_43039793,2.0,1.0,0.0,1.0,389289,ANXA2R
8978,26140_9871030,2.0,1.0,2.1,1.0,26140,TTLL3
8988,59271_33887131,2.0,1.0,0.0,1.0,59271,EVA1C
8989,124404_4837545,2.0,1.0,0.0,1.0,124404,SEPT12
9000,55187_12464013,1.0,1.0,496.6,1.0,55187,VPS13D
9001,55187_12387776,1.0,1.0,496.6,1.0,55187,VPS13D
9007,85439_81744032,2.0,0.5,95.2,1.0,85439,STON2
9008,85439_81745005,2.0,0.5,95.2,1.0,85439,STON2
9016,5423_42196191,2.0,0.5,0.0,1.0,5423,POLB
9017,55827_168014204,2.0,1.0,0.0,1.0,55827,DCAF6
9018,22986_106974207,2.0,0.5,644.8,1.0,22986,SORCS3
9019,22986_106976772,2.0,0.5,644.8,1.0,22986,SORCS3
9020,197335_709001,2.0,1.0,405.6,1.0,197335,WDR90
9021,197335_701656,1.0,1.0,405.6,1.0,197335,WDR90
9041,4126_103557044,1.0,0.0,152.9,1.0,4126,MANBA
9050,55584_40351126,2.0,0.5,0.0,1.0,55584,CHRNA9
9051,55584_40356031,1.0,1.0,0.0,1.0,55584,CHRNA9
9058,10451_108116692,1.0,1.0,837.9,1.0,10451,VAV3
9063,7520_216990723,1.0,0.0,0.0,1.0,7520,XRCC5
9064,150094_44836663,2.0,0.5,761.6,1.0,150094,SIK1
9102,26251_77659561,1.0,1.0,16.6,1.0,26251,KCNG2
9103,23379_5462371,2.0,0.5,0.0,1.0,23379,KIAA0947
9149,10288_54783797,2.0,1.0,0.0,1.0,10288,LILRB2
9184,57670_138579148,1.0,0.0,0.0,1.0,57670,KIAA1549
9185,9120_66267650,2.0,1.0,0.0,1.0,9120,SLC16A6
9186,359845_293075,2.0,0.5,311.9,1.0,359845,FAM101B
9187,359845_293138,1.0,1.0,311.9,1.0,359845,FAM101B
9188,57187_122830671,2.0,0.5,0.0,1.0,57187,THOC2
9192,161582_55727220,2.0,0.5,0.0,1.0,161582,DYX1C1
9223,9001_39881368,1.0,1.0,351.1,1.0,9001,HAP1
9225,9001_39890715,1.0,1.0,351.1,1.0,9001,HAP1
9226,9001_39881299,1.0,1.0,351.1,1.0,9001,HAP1
9236,1801_1943643,2.0,0.5,1202.9,1.0,1801,DPH1
9279,6720_17721595,2.0,0.5,0.0,1.0,6720,SREBF1
9280,6720_17720740,1.0,0.0,0.0,1.0,6720,SREBF1
9302,55959_46313295,1.0,0.0,73.4,1.0,55959,SULF2
9313,10237_47782604,1.0,1.0,856.7,1.0,10237,SLC35B1
9314,5660_73587777,2.0,0.5,0.0,1.0,5660,PSAP
9326,9113_150023002,2.0,0.5,0.0,1.0,9113,LATS1
9327,138802_107331756,2.0,0.5,0.0,1.0,138802,OR13C8
9333,695_100630267,2.0,0.5,0.0,1.0,695,BTK
9334,6389_228322,2.0,1.0,1029.9,1.0,6389,SDHA
9335,6389_256514,1.0,1.0,1029.9,1.0,6389,SDHA
9336,8321_90894813,2.0,0.5,0.0,1.0,8321,FZD1
9350,1281_189871146,1.0,0.0,1018.4,1.0,1281,COL3A1
9385,4054_65319751,1.0,1.0,561.7,1.0,4054,LTBP3
9420,4185_42852604,1.0,1.0,11.6,1.0,4185,ADAM11
9421,4185_42852801,1.0,1.0,11.6,1.0,4185,ADAM11
9422,4185_42837095,1.0,1.0,11.6,1.0,4185,ADAM11
9423,56474_16720909,2.0,0.5,918.8,1.0,56474,CTPS2
9424,56474_16720901,2.0,0.5,918.8,1.0,56474,CTPS2
9426,4313_55519535,2.0,1.0,1075.7,1.0,4313,MMP2
9440,22863_55848817,2.0,0.5,104.8,1.0,22863,ATG14
9479,1357_130027837,2.0,0.5,0.0,1.0,1357,CPA1
9507,126014_54599402,2.0,0.0,0.0,1.0,126014,OSCAR
9509,50616_68647134,1.0,0.0,0.0,1.0,50616,IL22
9516,5924_80508237,2.0,0.5,113.4,1.0,5924,RASGRF2
9549,51807_18604302,2.0,0.5,0.0,1.0,51807,TUBA8
9550,5727_98239123,2.0,0.5,1078.3,1.0,5727,PTCH1
9567,204851_114515703,1.0,1.0,0.0,1.0,204851,HIPK1
9568,1349_77155051,2.0,0.5,733.3,1.0,1349,COX7B
9570,340578_125298907,2.0,0.5,0.0,1.0,340578,DCAF12L2
9596,23005_42104243,1.0,1.0,1082.8,1.0,23005,MAPKBP1
9597,828_5915243,2.0,0.5,0.0,1.0,828,CAPS
9606,6133_39460022,2.0,0.5,1480.2,1.0,6133,RPL9
9607,6133_39460023,2.0,0.5,1480.2,1.0,6133,RPL9
9622,28420_107048767,1.0,1.0,0.0,1.0,28420,IGHV3-53
9625,56262_131669883,1.0,1.0,183.1,1.0,56262,LRRC8A
9626,201501_45566276,2.0,1.0,0.0,1.0,201501,ZBTB7C
9631,7042_218610805,2.0,0.5,0.0,1.0,7042,TGFB2
9632,10165_95822462,2.0,0.5,0.0,1.0,10165,SLC25A13
9670,651_81952594,2.0,0.5,0.0,1.0,651,BMP3
9684,10327_46032687,2.0,0.5,0.0,1.0,10327,AKR1A1
9696,3054_153219110,1.0,1.0,938.3,1.0,3054,HCFC1
9721,55260_48863423,2.0,0.5,0.0,1.0,55260,TMEM143
9728,9718_183976241,2.0,1.0,0.0,1.0,9718,ECE2
9730,5591_48749054,2.0,0.5,1058.6,1.0,5591,PRKDC
9732,5591_48774649,1.0,0.0,1058.6,1.0,5591,PRKDC
9759,123036_92251587,2.0,1.0,0.0,1.0,123036,TC2N
9771,51517_48719095,1.0,1.0,321.9,1.0,51517,NCKIPSD
9773,91584_132192896,1.0,1.0,76.8,1.0,91584,PLXNA4
9775,91584_131844239,1.0,1.0,76.8,1.0,91584,PLXNA4
9847,51092_117054797,1.0,1.0,828.0,1.0,51092,SIDT2
9848,51092_117066690,1.0,1.0,828.0,1.0,51092,SIDT2
9881,85407_50666208,2.0,0.5,0.0,1.0,85407,NKD1
9961,9223_65365210,2.0,0.5,1782.4,1.0,9223,MAGI1
9976,57453_117335722,1.0,1.0,364.0,1.0,57453,DSCAML1
9996,6173_100650727,2.0,0.5,0.0,1.0,6173,RPL36A
10079,55901_52971918,2.0,0.5,27.9,1.0,55901,THSD1
10120,23136_5395089,2.0,0.5,0.0,1.0,23136,EPB41L3
10171,27291_99969475,1.0,1.0,0.0,1.0,27291,R3HCC1L
10172,27291_99969475,1.0,1.0,0.0,1.0,27291,C10orf28
10175,29883_17092255,2.0,0.5,841.0,1.0,29883,CNOT7
10176,79817_27359236,2.0,0.5,0.0,1.0,79817,MOB3B
10257,5190_42932200,2.0,1.0,0.0,1.0,5190,PEX6
10386,5537_127915858,2.0,0.5,0.0,1.0,5537,PPP6C
10387,2323_49979779,2.0,0.5,27.7,1.0,2323,FLT3LG
10403,4121_119569448,2.0,0.5,0.0,1.0,4121,MAN1A1
10485,353189_101599455,2.0,0.5,0.0,1.0,353189,SLCO4C1
10486,353189_101627305,1.0,1.0,0.0,1.0,353189,SLCO4C1
10504,7732_19318645,1.0,1.0,0.0,1.0,7732,RNF112
10572,3036_52219536,2.0,0.5,398.1,1.0,3036,HAS1
10585,80005_25181418,1.0,1.0,638.1,1.0,80005,DOCK5
10587,3981_108861705,2.0,0.5,0.0,1.0,3981,LIG4
10748,83886_2764076,2.0,0.5,0.0,1.0,83886,PRSS27
10749,337967_31971024,2.0,0.5,0.0,1.0,337967,KRTAP6-2
10750,126248_33666304,2.0,0.5,0.0,1.0,126248,WDR88
10751,9921_121001322,2.0,0.5,0.0,1.0,9921,RNF10
10752,285190_108477236,2.0,0.5,0.0,1.0,285190,RGPD4
10770,84726_134360446,1.0,1.0,0.0,1.0,84726,PRRC2B
10772,9936_160637475,2.0,0.5,0.0,1.0,9936,CD302
10807,55568_153765879,2.0,1.0,0.0,1.0,55568,GALNT10
10809,79026_62299935,2.0,0.5,344.8,1.0,79026,AHNAK
10923,1358_129906739,2.0,0.5,0.0,1.0,1358,CPA2
10925,577_70034893,2.0,0.5,28.2,1.0,577,BAI3
11078,8482_74710610,1.0,0.0,85.7,1.0,8482,SEMA7A
11269,3798_57972038,1.0,1.0,0.0,1.0,3798,KIF5A
11272,201514_58928786,1.0,1.0,0.0,1.0,201514,ZNF584
11483,4585_195516305,1.0,1.0,234.3,1.0,4585,MUC4
11484,4585_195477791,1.0,1.0,234.3,1.0,4585,MUC4
11505,116443_104433235,1.0,1.0,233.1,1.0,116443,GRIN3A
11576,5542_11506893,1.0,1.0,0.0,1.0,5542,PRB1
11577,3620_39775722,1.0,0.0,0.0,1.0,3620,IDO1
11578,8170_43217005,1.0,1.0,79.4,1.0,8170,SLC14A2
11631,50846_49485004,1.0,0.0,0.0,1.0,50846,DHH
11855,10083_17542439,1.0,1.0,0.0,1.0,10083,USH1C
11914,442444_37028629,1.0,1.0,1.2,1.0,442444,FAM47C
11915,109_25050977,1.0,1.0,128.9,1.0,109,ADCY3
11982,341405_52282060,1.0,1.0,0.0,1.0,341405,ANKRD33
11983,27238_48978838,1.0,1.0,0.0,1.0,27238,GPKOW
12018,116841_227935806,1.0,1.0,0.0,1.0,116841,SNAP47
12123,9424_38817486,1.0,1.0,0.0,1.0,9424,KCNK6
12124,55323_71124472,1.0,1.0,0.0,1.0,55323,LARP6
12290,3142_221055546,1.0,1.0,0.0,1.0,3142,HLX
12291,388558_53056953,1.0,1.0,0.0,1.0,388558,ZNF808
12292,6904_80863857,1.0,1.0,0.0,1.0,6904,TBCD
13307,8685_119750045,1.0,0.0,0.0,1.0,8685,MARCO
13308,140623_72057289,1.0,1.0,0.0,1.0,140623,FAUP1
13495,11083_61512289,1.0,0.0,193.2,1.0,11083,DIDO1
13574,3882_39619115,1.0,1.0,0.0,1.0,3882,KRT32
13577,203447_105152282,1.0,0.0,0.0,1.0,203447,NRK
13578,6833_17419279,1.0,1.0,0.0,1.0,6833,ABCC8
13579,6833_17432134,1.0,0.0,0.0,1.0,6833,ABCC8
13580,79971_68619274,1.0,0.0,0.0,1.0,79971,WLS
13581,11085_120436924,1.0,0.0,0.0,1.0,11085,ADAM30
13582,11085_120438365,1.0,0.0,0.0,1.0,11085,ADAM30
13583,150280_30572100,1.0,1.0,0.0,1.0,150280,HORMAD2
13584,150280_30518074,1.0,1.0,0.0,1.0,150280,HORMAD2
13767,22984_105187128,1.0,1.0,353.1,1.0,22984,PDCD11
13768,22984_105165806,1.0,0.0,353.1,1.0,22984,PDCD11
13769,22984_105203785,1.0,1.0,353.1,1.0,22984,PDCD11
13812,83887_167754975,1.0,1.0,0.0,1.0,83887,TTLL2
14093,168400_23019346,1.0,1.0,0.0,1.0,168400,DDX53
14094,133619_126887496,1.0,0.0,0.0,1.0,133619,PRRC1
14190,84444_2216354,1.0,1.0,0.0,1.0,84444,DOT1L
14192,4583_1097227,1.0,1.0,985.7,1.0,4583,MUC2
14194,4583_1093582,1.0,1.0,985.7,1.0,4583,MUC2
14573,55614_16493533,1.0,1.0,0.0,1.0,55614,KIF16B
15029,28318_20193342,1.0,1.0,0.0,1.0,28318,IGHV3OR15-7
15407,10845_65459053,1.0,0.0,0.0,1.0,10845,CLPX
15454,10813_129040214,1.0,0.0,0.0,1.0,10813,UTP14A
15455,1496_80620373,1.0,1.0,673.0,1.0,1496,CTNNA2
15456,1496_80801346,1.0,1.0,673.0,1.0,1496,CTNNA2
15457,1496_80874935,1.0,1.0,673.0,1.0,1496,CTNNA2
15496,9394_129026249,1.0,1.0,0.0,1.0,9394,HS6ST1
16227,23013_16199481,1.0,1.0,0.0,1.0,23013,SPEN
16228,23013_16257886,1.0,1.0,0.0,1.0,23013,SPEN
16526,10283_64267595,1.0,1.0,0.0,1.0,10283,CWC27
16527,10283_64181305,1.0,1.0,0.0,1.0,10283,CWC27
16528,152816_76489582,1.0,1.0,0.0,1.0,152816,C4orf26
16529,152816_76489345,1.0,1.0,0.0,1.0,152816,C4orf26
17215,51390_143382152,1.0,1.0,0.0,1.0,51390,AIG1
17216,5588_6553071,1.0,1.0,0.0,1.0,5588,PRKCQ
